Site,Litter type,treatment,Tag #,Replicate,Original mass (g),4 week mass
Mo1,Pine,Morella,553,4,15.57,
Mo1,Pine,Morella,507,5,15.85,15.51
Mo1,Pine,Morella,530,1,17.4,
Mo1,Phragmites,Morella,534,5,15.26,15.14
Mo1,Pine,Morella,546,3,16.27,
Mo1,Pine,Morella,549,2,16.06,
Mo1,Morella,Morella,808,5,17.54,17.25
Mo1,Phragmites,Morella,817,1,13.65,
Mo1,Morella,Morella,819,3,17.37,
Mo1,Morella,Morella,821,4,17.2,
Mo1,Phragmites,Morella,830,3,14.41,
Mo1,Phragmites,Morella,833,4,15.85,
Mo1,Morella,Morella,982,2,16.74,
Mo1,Morella,Morella,989,1,16.99,
Mo1,Phragmites,Morella,999,2,14.7,
Mo2,Pine,Morella,522,1,16.31,
Mo2,Pine,Morella,524,2,15.72,
Mo2,Pine,Morella,544,4,16.07,15.8
Mo2,Pine,Morella,547,3,16.5,
Mo2,Pine,Morella,554,5,15.68,
Mo2,Phragmites,Morella,589,5,15.51,
Mo2,Morella,Morella,804,3,17.54,
Mo2,Morella,Morella,807,2,17.44,
Mo2,Morella,Morella,812,4,16.81,16.77
Mo2,Morella,Morella,822,1,17.21,
Mo2,Morella,Morella,823,5,17.73,
Mo2,Phragmites,Morella,845,3,13.56,
Mo2,Phragmites,Morella,850,2,14.9,
Mo2,Phragmites,Morella,851,1,14.88,
Mo2,Phragmites,Morella,906,4,13.61,12.77
Mo3,Pine,Morella,513,5,15.77,
Mo3,Pine,Morella,514,3,15.78,15.53
Mo3,Pine,Morella,515,4,15.52,
Mo3,Pine,Morella,516,2,15.9,
Mo3,Pine,Morella,517,1,16.44,
Mo3,Phragmites,Morella,529,1,13.64,
Mo3,Phragmites,Morella,533,3,15.58,15.34
Mo3,Phragmites,Morella,542,5,14.43,
Mo3,Morella,Morella,806,5,17.25,
Mo3,Morella,Morella,820,3,16.93,16.1
Mo3,Phragmites,Morella,827,4,14.48,
Mo3,Phragmites,Morella,979,2,14.5,
Mo3,Morella,Morella,986,4,16.98,
Mo3,Morella,Morella,994,2,17.72,
Mo3,Morella,Morella,995,1,17.75,
Ph1,Pine,Phragmites,506,4,15.63,
Ph1,Pine,Phragmites,518,5,15.66,
Ph1,Pine,Phragmites,526,2,16.21,16.04
Ph1,Morella,Phragmites,531,2,17.42,17.26
Ph1,Pine,Phragmites,540,3,16.64,
Ph1,Pine,Phragmites,551,1,15.32,
Ph1,Morella,Phragmites,805,1,16.92,
Ph1,Morella,Phragmites,809,4,17.34,
Ph1,Morella,Phragmites,811,3,17.49,
Ph1,Phragmites,Phragmites,826,2,14.39,14.27
Ph1,Phragmites,Phragmites,844,1,14.58,
Ph1,Phragmites,Phragmites,846,3,14.59,
Ph1,Phragmites,Phragmites,901,4,14.73,
Ph1,Phragmites,Phragmites,992,5,13.51,
Ph1,Morella,Phragmites,993,5,17.58,
Ph2,Pine,Phragmites,509,1,16.16,
Ph2,Pine,Phragmites,511,2,16.36,
Ph2,Pine,Phragmites,512,5,15.27,15.21
Ph2,Pine,Phragmites,520,4,15.73,
Ph2,Phragmites,Phragmites,595,2,14.63,
Ph2,Pine,Phragmites,802,3,16.01,
Ph2,Phragmites,Phragmites,815,4,14.71,
Ph2,Phragmites,Phragmites,816,3,13.91,
Ph2,Phragmites,Phragmites,825,1,14.53,
Ph2,Morella,Phragmites,835,5,17.66,17.3
Ph2,Morella,Phragmites,838,2,18.16,
Ph2,Morella,Phragmites,839,1,17.99,
Ph2,Phragmites,Phragmites,905,5,14.32,14.26
Ph2,Morella,Phragmites,980,4,17.56,
Ph2,Morella,Phragmites,997,3,17.87,
Ph3,Pine,Phragmites,503,2,15.78,
Ph3,Pine,Phragmites,508,3,15.74,
Ph3,Morella,Phragmites,525,5,17.5,17.31
Ph3,Phragmites,Phragmites,527,3,13.83,
Ph3,Pine,Phragmites,528,1,17.01,
Ph3,Phragmites,Phragmites,532,5,14.4,14.29
Ph3,Pine,Phragmites,543,4,16.11,
Ph3,Pine,Phragmites,545,5,16.92,16.52
Ph3,Phragmites,Phragmites,560,4,11.56,
Ph3,Phragmites,Phragmites,818,1,15.59,
Ph3,Phragmites,Phragmites,831,2,14.67,
Ph3,Morella,Phragmites,834,3,17.24,
Ph3,Morella,Phragmites,837,1,17.81,
Ph3,Morella,Phragmites,842,2,18.05,
Ph3,Morella,Phragmites,990,4,17.56,
Pi1,Phragmites,Pine,502,1,13.83,13.52
Pi1,Pine,Pine,504,1,16.42,16.13
Pi1,Morella,Pine,535,1,17.63,17.56
Pi1,Pine,Pine,536,4,16.01,
Pi1,Phragmites,Pine,537,2,14.8,
Pi1,Morella,Pine,538,2,17.79,
Pi1,Pine,Pine,539,3,15.88,
Pi1,Pine,Pine,548,2,16.05,
Pi1,Morella,Pine,600,3,14.44,
Pi1,Pine,Pine,803,5,16.26,
Pi1,Morella,Pine,843,5,16.9,
Pi1,Phragmites,Pine,847,5,14.34,
Pi1,Phragmites,Pine,848,3,14.5,
Pi1,Phragmites,Pine,849,4,14.66,
Pi1,Morella,Pine,984,4,17.8,
Pi2,Pine,Pine,510,2,16.25,15.66
Pi2,Pine,Pine,519,5,15.47,
Pi2,Pine,Pine,521,1,16.09,
Pi2,Pine,Pine,552,3,15.64,
Pi2,Pine,Pine,801,4,15.62,
Pi2,Morella,Pine,813,3,17.1,
Pi2,Morella,Pine,814,1,17.58,
Pi2,Morella,Pine,824,4,16.19,
Pi2,Phragmites,Pine,828,5,14.52,
Pi2,Phragmites,Pine,829,3,15.27,
Pi2,Phragmites,Pine,832,1,13.7,
Pi2,Morella,Pine,836,2,17.94,17.82
Pi2,Phragmites,Pine,902,2,13.56,13.01
Pi2,Morella,Pine,996,5,17.72,
Pi2,Phragmites,Pine,998,4,14.87,
Pi3,Pine,Pine,505,4,16.43,
Pi3,Pine,Pine,523,2,16.27,
Pi3,Pine,Pine,541,1,15.82,
Pi3,Pine,Pine,550,5,16.28,
Pi3,Pine,Pine,556,3,17.86,17.16
Pi3,Morella,Pine,810,4,17.53,
Pi3,Morella,Pine,840,5,17.48,
Pi3,Morella,Pine,841,1,17.49,
Pi3,Phragmites,Pine,852,1,14.52,
Pi3,Phragmites,Pine,853,5,15.63,
Pi3,Phragmites,Pine,903,2,14.6,
Pi3,Phragmites,Pine,904,4,14.25,
Pi3,Morella,Pine,981,2,17.85,
Pi3,Morella,Pine,985,3,17.54,17.21
Pi3,Phragmites,Pine,1000,3,14.39,13.43